,SMILES,Value
0,CC(CC1C)(CCC1)C,291.15
1,CCCCC,224.15
2,CCCCCC,250.15
3,CCCCCCC,269.0
4,CC(C)CCCC,263.15
5,CCCCCCCC,287.15
6,CC(C)CCCCC,279.15
7,CCC(C)CCCC,279.15
8,CCCC(C)CCC,279.15
9,CCC(CC)CCC,278.0
10,CC(C)CC(C)CC,276.15
11,CC(C)CCC(C)C,275.15
12,CCC(C)C(C)CC,280.65
13,CCC(C)(CC)CC,276.0
14,CC(C)(C)C(C)CC,272.65
15,CC(C)C(C)(C)CC,275.65
16,CC(C)C(C)C(C)C,277.15
17,CC(C)(C)C(C)(C)C,281.0
18,CCCCCCCCC,304.15
19,CC(C)(C)CCC(C)C,282.15
20,CCC(C)(C)CC(C)CC,304.0
21,CC(C)CC(C)(C)CC,283.15
22,CCC(CC)(CC)CC,294.0
23,CC(C)(C)C(C)(C)CC,294.65
24,CC(C)(C)C(C)C(C)C,284.0
25,CC(C)(C)CC(C)(C)C,278.15
26,CC(C)C(C)(C)C(C)C,294.15
27,CC(C)CCCC(C)CCCC(C)CCCCC(C)CCCC(C)CCCC(C)C,490.0
28,CCCCCCCCCC,322.85
29,C1CCCCC1CC(C)C,315.65
30,CCCCCCCCCCC,339.05
31,CCCCCCCCCCCCC,363.15
32,CCCCCCCCCCCCCC,382.45
33,CCCCCCCCCCCCCCCC,406.2
34,CCCCCCCCCCCCCCCCC,421.15
35,CCC(C)CCCCCC,319.15
36,CC(C)CCCCCCC,314.0
37,CCCC(C)CCCCC,317.15
38,CCCCC(C)CCCC,312.0
39,CC(C)(C)CC(C)(C)CC(C)CC(C)(C)C,368.15
40,CC(C)CCCCCC,299.15
41,CCC(C)CCCCC,298.65
42,CCCC(C)CCCC,296.15
43,CCC(CC)CCCC,296.15
44,CC(C)(C)CCCCC,292.15
45,C1CCCCC1(C),269.15
46,C1CCCCC1(CC),291.15
47,C1CCCCC1(C)(C),280.15
48,C1[C@@](C)([H])([C@]([H])(C)(CCC1)),288.15
49,C1[C@@](C)([H])(C[C@]([H])(C)(CC1)),283.15
50,C1[C@@](C)([H])(CC[C@]([H])(C)(C1)),284.26
51,C1[C@](C)([H])(CC[C@]([H])(C)(C1)),284.26
52,C1[C@](C)([H])(C[C@]([H])(C)(C[C@]1([H])(C))),292.15
53,C1CCCCC1C(C)C,308.15
54,C1CCCCC1CCCC,325.65
55,C1C[C@]2(CCCC[C@]2(CC1)([H]))([H]),334.15
56,C1C[C@@]2(CCCC[C@]2(CC1)([H]))([H]),327.15
57,C1CCCCC1C2CCCCC2,358.15
58,C1CCCCC1(CC)(CC),322.15
59,C1CCCCCC1,280.15
60,C1CCCCCCC1,303.15
61,CC(C)CCCC(C)C,290.65
62,CC(C)(C)C(C)CCC,291.15
63,CC(C)(C)CC(C)CC,283.15
64,CC(C)C(CC)C(C)C,291.15
65,C=CCCC,222.0
66,C/C=C/CC,228.0
67,C=CC(C)C,217.15
68,CC(C)=CC,228.15
69,C=CCCCC,247.15
70,CC/C=C/CC,248.15
71,C=CC(C)CC,245.15
72,C=C(CC)CC,247.15
73,C=CC(C)(C)C,241.15
74,CC(C)=C(C)C,257.15
75,C=CCCCCC,265.15
76,C/C=C\CCCC,270.95
77,C/C=C/CCCC,272.0
78,CC/C=C/CCC,267.15
79,C=C(C)CCCC,267.15
80,C=CC(C)CCC,267.15
81,C/C=C/CCCCCC,305.15
82,C=CC1CCCCC1,294.15
83,CCC1=CCCCC1,298.15
84,C=C(C)C(C)(C)C,256.15
85,C=CCCCCCC,284.65
86,C/C=C/CCCCC,287.15
87,CC1CCCCC=1,276.15
88,CC(C)=CC(C)(C)C,272.15
89,C=CCCCCCCC,299.15
90,C=CCCCCCCCC,320.15
91,C=CCCCCCCCCCC,346.15
92,C=CCCCCCCCCCCCCCC,402.15
93,C=CCCCCCCCCCCCCCCCC,421.15
94,C1=CCCC1,244.0
95,C1=CCCCC1,256.15
96,C1=CCCCCC1,280.65
97,C1=CCCCCCC1,298.15
98,C/C=C\CCCCC,290.65
99,CC/C=C/CCCC,287.15
100,CCC/C=C\CCC,285.65
101,CCC/C=C/CCC,285.65
102,CC/C=C\CCCC,290.0
103,C1=CCC(C=C)CC1,288.15
104,C1(C)=CCCC1,256.0
105,C=C(C)C(C)CCC,281.0
106,C1=[C@](C)(CCC([C@](=C)(C))C1),321.0
107,C1(C)=CCC(=C(C)C)CC1,329.15
108,C=CC=C,197.15
109,C=CCCC=C,246.15
110,C=CCC=CC,248.15
111,C/C=C/C=C/C,266.15
112,C1=CC2C(C3)C=CC3C2C1,318.15
113,CC(C)C1C=CC(C)=CC1,322.0
114,CC(C)C1C=CC(=C)CC1,322.15
115,C=C(C)C(C)=C,251.15
116,C/C=C/C=C\C,266.15
117,C1=CCCC=CCCC=CCC1,360.15
118,C=C(C)CCC(C)=C,280.0
119,CC(C)=CC=C(C)C,297.15
120,C1=CCC=CC1,267.15
121,C1=CCCC=CCC1,308.15
122,CC/C=C/C=C,254.15
123,CC#CCCC,262.15
124,CC#CCC,243.0
125,C#CCCCC,252.0
126,C#CCCCCCC,289.15
127,C#CCCCCCCC,306.15
128,C#CCCCCCCCC,315.65
129,c1ccccc1,262.0
130,c1ccccc1(C),279.15
131,c1ccccc1(CC),296.15
132,c1(C)ccccc1(C),305.15
133,c1(C)cc(C)ccc1,300.15
134,c1(C)ccc(C)cc1,299.0
135,c1(CCC)ccccc1,312.15
136,c1(CC)c(C)cccc1,316.15
137,c1(CC)cc(C)ccc1,311.15
138,c1(CC)ccc(C)cc1,312.15
139,c1(C)c(C)c(C)ccc1,324.15
140,c1(C)c(C)cc(C)cc1,318.65
141,c1(C)cc(C)cc(C)c1,317.55
142,c1(CC(C)C)ccccc1,325.15
143,c1(C(C)CC)ccccc1,325.0
144,c1(C(C)(C)C)ccccc1,317.15
145,c1(CC)c(CC)cccc1,330.37
146,c1(CC)cc(CC)ccc1,329.0
147,c1(CC)ccc(CC)cc1,330.0
148,c1(C)c(C)c(C)c(C)cc1,347.15
149,c1(C)c(C)cc(C)c(C)c1,346.15
150,c1(C(C)C)cc(C(C)C)cc(C(C)C)c1,359.82
151,c1(C)c(C)c(C)c(C)c(C)c1,364.15
152,c1(C(C)C)cc(C(C)C)ccc1,343.15
153,c1(C(C)C)ccc(C(C)C)cc1,349.15
154,c1(CC)c(CC)cc(CC)cc1,356.15
155,c1(CCCCCCC)ccccc1,370.65
156,c1ccccc1(C2CCCCC2),372.15
157,c1ccccc1(c2ccc(c3ccccc3)cc2),480.0
158,c1ccccc1(c2cc(c3ccccc3)ccc2),464.0
159,c1ccccc1(c2c(c3ccccc3)cccc2),436.0
160,c1ccccc1CCc2ccccc2,398.15
161,c1ccccc1(CCCCC),339.15
162,c1ccccc1(CCCCCC),356.15
163,c1ccccc1(CCCCCCCC),380.15
164,C=C(c1ccccc1)CC,325.15
165,C=Cc1ccccc1,305.15
166,C=Cc1c(C)cccc1,320.15
167,C=Cc1cc(C)ccc1,324.15
168,C1(CCC=CC)=CC=CC=C1C,361.0
169,CCC1=C(C=C)C=CC=C1,333.15
170,CCC1=CC(C=C)=CC=C1,335.65
171,C=Cc1ccc(C)cc1,320.65
172,c1(C(C)=C)ccccc1,316.0
173,c1(C=C)cc(C=C)ccc1,340.15
174,c1(C#C)ccccc1,304.15
175,c1ccccc1/C=C\C,320.65
176,c1ccccc1/C=C/C,325.15
177,Cc1ccc(C(C)(C)C)cc1,328.15
178,Cc1cc(C)cc(C(C)(C)C)c1,341.15
179,c1cccc2ccccc21,353.15
180,c1(C)cccc2ccccc21,367.15
181,c1c(C)ccc2ccccc21,370.15
182,c1(CC)cccc2ccccc21,384.15
183,C1CCCc2ccccc21,344.0
184,c1cccc2c1(cc(CC)cc2),377.15
185,c1(CC=C2)c2cccc1,331.15
186,C1=CC2=C(C=C1)C1=C(C=CC=C1)C=C2,444.0
187,C1=CC2=C3C(=C1)C=CC1=CC=CC(=C31)C=C2,472.0
188,C1C2CC3CC1CC(C2)C3,359.6
189,C1(CC2C=CC1C2)C=C,295.15
190,C1C2CC3(CC1CC(C2)(C3)C)C,325.15
191,C1=CC2=C(C=C1)CCC2,321.65
192,CC(C)C1=CC=C(CC1)C,319.15
193,CC(C)C1=CCC(=CC1)C,325.65
194,C1CC2C=CC1C2,258.15
195,C1C(C2C=CC1C2)=CC,298.15
196,CCC(C1CCCCC1)C,323.65
197,C1CC2CCC1CC2,313.15
198,C1(C)(C)C(=C)C(C2)CCC12,307.15
199,C1C(C2(C)(C))CC2C(C)=C1,305.0
200,C1C(=C)C(C2)C(C)(C)C2C1,310.65
201,CC=O,232.0
202,CCC=O,243.15
203,O=CC1CCC=CC1,320.15
204,CCCC=O,262.15
205,CCCCC=O,285.15
206,CCCCCCC=O,308.15
207,CCCCCC=O,300.0
208,CCCCCCCC=O,324.15
209,CCCCCCCCC=O,336.15
210,CCCCC(CC)C=O,317.59
211,O=CC(C)=CCC,304.15
212,CCCC=C(CC)C=O,329.65
213,CCCCCCCCCC=O,358.15
214,CCCCCCCCCCC=O,369.15
215,CCCCCCCCCCCC=O,374.15
216,CCC(C)C=O,269.15
217,CC(C)CC(=O),270.15
218,C=CC=O,247.15
219,C/C=C/C=O,286.15
220,C=C(C)C=O,258.15
221,c1ccccc1(C(C)C=O),342.0
222,c1(C)ccccc1(C=O),340.15
223,c1ccccc1(C=O),337.0
224,c1(O)ccccc1(C=O),349.15
225,c1c(C)cccc1(C=O),351.15
226,C1(C)OC(C)OC(C)O1,299.15
227,CC(=O)C,255.15
228,CC(=O)CC,267.15
229,CCC(=O)CC,280.15
230,CC(C)CC(=O)C,286.15
231,CC(=O)C(C)CC,285.15
232,C=CCCC(=O)C,296.15
233,CCC(=O)CCCC,310.15
234,CCCC(=O)CCC,307.15
235,CC(=O)CCC,280.15
236,CC(=O)C(C)C,272.15
237,CC(=O)CCCC,296.15
238,CC(=O)CCCCC,312.15
239,CC(=O)CCC(C)C,314.15
240,CC(C)=CC(=O)C,301.0
241,CC(=O)C(C)(C)C,282.15
242,CC(C)CC(=O)CC(C)C,322.15
243,CC(C)C(=O)C(C)C,288.15
244,C1CCC(=O)N1,411.15
245,C1CCC(=O)N1(C),359.15
246,CCCCC(=O)CCCC,338.15
247,CC(=O)CCCCCCC,345.5
248,c1ccc2C(=O)c3ccccc3C(=O)c2c1,469.5
249,C1(=O)CCCC1,299.0
250,C1(=O)CCCCC1,316.15
251,CC(=O)CCCCCC,329.15
252,c1ccccc1(C(=O)C),350.15
253,C1COC1(=O),343.15
254,C1CCC(=O)O1,367.15
255,C1(=O)OCCCCC1,382.15
256,C1C(C)OC(=O)C1,369.26
257,CCC(=O)C(C)C,286.15
258,CC(=O)C(=C)C,278.15
259,C=C1CC(=O)O1,306.15
260,CO,284.15
261,CCO,286.15
262,CCCO,297.59
263,CC(O)C,285.15
264,CCCCO,310.5
265,OCC(C)C,302.32
266,CCC(O)C,296.15
267,CC(C)(O)C,284.26
268,CCCCCO,322.15
269,CCCC(O)C,307.15
270,CC(C)(O)CC,292.15
271,OCC(C)CC,316.15
272,OCC(C)(C)C,303.15
273,CCCCCCO,333.15
274,CC(O)CCCC,318.15
275,CCC(O)CCC,314.15
276,OCC(C)CCC,323.15
277,CCC(C)CCO,331.15
278,CCC(C)(O)CC,297.15
279,CCC(O)CC,303.15
280,OCC(CC)CCCC,346.0
281,OCC(C)CCCC,333.65
282,OCCC(C)C,316.0
283,CC(O)C(C)C,299.15
284,CC(O)CCCCC,332.15
285,CCC(O)CCCC,327.15
286,OCCCCC(C)C,338.15
287,CC(O)CC(C)C,314.0
288,CCCCCCCCO,359.7
289,CCCCCCC(O)C,344.15
290,CCCCCCCCCO,369.15
291,CCCCCCCC(O)C,355.15
292,CCCCCCCCCCO,377.15
293,CCCCCCCCCCCO,386.15
294,CC(C)CCCCCCCO,370.65
295,CCCCCCCCCCCCO,400.0
296,CCCCCCCCCCCCCCO,421.15
297,CCCCCCCCCCCCCCCCO,443.0
298,CCCCCCCCCCCCCCCCCCO,458.15
299,OCC(CC)CC,326.15
300,OC1CCCCC1,334.15
301,C1[C@](O)([H])([C@](C)([H])(CCC1)),331.15
302,C1[C@](O)([H])([C@@](C)([H])(CCC1)),331.15
303,C1[C@](O)([H])(CC[C@](C)([H])(C1)),343.15
304,C1[C@H](C(C)C)([C@](O)([H])(C[C@](C)([H])(C1))),366.15
305,OCC1OCCC1,343.15
306,C=CCO,294.0
307,c1ccccc1(C(C)(C)O),360.15
308,CCCCCCC(CCCC)CO,382.15
309,c1c(O)c(C)c(C)cc1,368.15
310,c1c(O)c(C)cc(C)c1,368.15
311,C1(C)CCC(C[OH])CC1,354.0
312,c1c(O)c(C)ccc1(C),368.15
313,c1(C)c(O)c(C)ccc1,358.15
314,c1ccccc1(O),354.45
315,c1(O)c(C)cccc1,354.0
316,c1(O)cc(C)ccc1,359.15
317,c1(O)ccc(C)cc1,359.15
318,c1(O)c(CC)cccc1,358.15
319,c1(O)ccc(O)cc1,438.0
320,c1(O)ccc(CC)cc1,373.15
321,c1(O)ccc(C(C)(C)C)cc1,386.0
322,OCCO,384.15
323,OCCOCCO,413.15
324,OCCOCCOCCO,438.15
325,OCCOCCOCCOCCO,469.0
326,OC1C(C)(C)C(O)C1(C)C,392.15
327,OC(C)CO,372.0
328,CC(O)COCC(O)C,391.0
329,OCC(C)(C)CO,380.15
330,CC(O)COC(C)COCC(O)C,413.15
331,OCC(CCCC)(CC)CO,412.15
332,OCC(C)CO,393.5
333,CC(O)(C)CC(O)C,366.0
334,OC(CO)COC(C)(C)C,387.15
335,OCC(O)CO,464.15
336,c1(C(C)(C)(C))c(O)ccc(O)c1,444.15
337,c1cc(C(C)(C)C)cc(O)c1(O),425.0
338,OCC(C)(C)C(O)C(C)C,382.65
339,CCC(O)C(C)CO,383.15
340,CC(O)C(O)C,369.15
341,OC/C=C\CO,401.15
342,OC/C=C/CO,401.15
343,OCCCCO,407.15
344,c1(O)c(O)cccc1,400.15
345,c1(O)cc(O)ccc1,444.0
346,OCC(C(O))(C(O))CO,533.15
347,C(=O)O,323.15
348,CC(=O)O,312.04
349,CCC(=O)O,330.0
350,CCCCCCCCCC(=O)O,421.15
351,CCCC(=O)O,345.15
352,CCCCC(=O)O,359.15
353,CC(C)C(=O)O,333.15
354,CC(C)CC(=O)O,351.15
355,CCCCCC(=O)O,375.15
356,CCCCC(C)C(=O)O,370.65
357,C1(C(=O)O)CCC(C(=O)O)CC1,508.15
358,CCCCCCCC(=O)O,400.15
359,C1CCCC1(CC(=O)O),382.15
360,CCCCCCCCCCCC(=O)O,437.0
361,C/C=C\C(=O)O,353.15
362,C/C=C/C(=O)O,363.15
363,CCCCCCCCCCCCCCCCCC(=O)O,469.0
364,C=CC(=O)O,324.0
365,C=C(C)C(=O)O,341.15
366,CCCCCCCC/C=C\CCCCCCCC(=O)O,462.0
367,c1ccccc1(C(=O)O),394.26
368,c1(O)ccccc1(C(=O)O),430.0
369,c1(C(=O)O)c(C(=O)O)cccc1,441.15
370,c1(C(=O)O)ccc(C(=O)O)cc1,533.15
371,OOC(=O)C,313.15
372,CC(=O)OC(=O)C,325.928
373,CCC(=O)OC(=O)CC,336.15
374,CCCC(=O)OC(=O)CCC,356.15
375,C1(=O)OC(=O)CC1,425.0
376,C1(=O)OC(=O)CCC1,446.15
377,c1cc2C(=O)OC(=O)c2cc1,425.0
378,O1C(=O)C=CC1(=O),375.15
379,c1c(C(=O)O)cc2C(=O)OC(=O)c2c1,522.5
380,CCCOC(=O),270.15
381,CCCCOC(=O),286.15
382,C(=O)OCC(C)C,283.15
383,CCCCCCCCOC=O,349.5
384,CC(=O)OC,257.76
385,CC(=O)OCC,269.0
386,CC(=O)OCCC,283.706
387,CC(=O)OCCCC,298.15
388,CC(=O)OCC(C)C,291.0
389,CC(=O)OCCC(C)C,306.15
390,CC(=O)OCC=C,286.15
391,CC(=O)OC(C)CC,289.0
392,CCC(=O)OC,271.0
393,CCC(=O)OCC,285.0
394,CCC(=O)OCCC,294.15
395,CCC(=O)OCCCC,313.15
396,CCCOC(=O)CCC,310.15
397,CCCC(=O)OC,287.0
398,CCCC(=O)OCC,297.15
399,C=CC(=O)OC,270.0
400,C=CC(=O)OCC,280.93
401,CCCCOC(=O)C=C,312.594
402,CC(C)CC(=O)OCC,299.15
403,C=C(C)C(=O)OC,283.15
404,CCCOC(=O)C(C)=C,306.15
405,c1cc(C(=O)OCC(CC)CCCC)c(C(=O)OCC(CC)CCCC)cc1,489.0
406,CC(=O)OCCCCC,310.15
407,CC(=O)OCC(CC)CCCC,344.15
408,CC(=O)OCc1ccccc1,363.15
409,CC(C)COC(=O)C(C)C,311.15
410,CC(C)CC(=O)OCCC(C)C,333.15
411,CCCCOC(=O)c1ccccc1,379.15
412,C1OC(=O)OC1,425.0
413,CC(=O)OCCCCCCCC,356.15
414,CC(=O)OCCCCCCCCC,372.15
415,CC(=O)OCCCCCCCCCC,386.5
416,c1cc(C(=O)OC)c(O)cc1,369.0
417,c1c(C(=O)OCC(C)C)c(C(=O)OCC(C)C)ccc1,444.5
418,c1c(C(=O)OC)cc(C(=O)OC)cc1,411.15
419,CCCCCCCCCCCCCCCCCC(=O)OCCCC,433.15
420,CCCCOC(=O)CCCCCCCCC(=O)OCCCC,470.15
421,CCCCOC(=O)CCC,323.15
422,C=CC(=O)OCC(CC)CCCC,355.15
423,CC(=O)OCCOC(C)=O,361.15
424,CC(C)COC(=O)C(=C)C,314.15
425,C=C(C)C(=O)OCCCC,322.0
426,c1c(C(=O)OC)cccc1,352.5
427,c1c(C(=O)OCC)cccc1,361.15
428,CCOC(=O)OCC,298.15
429,CCOC(=O)C(=O)OCC,348.15
430,CCOC(=O)CC(=O)OCC,358.15
431,CCCCCCCCCC(=O)OC,367.15
432,CCCCCCCCCCCCCC(=O)OC(C)C,424.5
433,COC(=O)C1CCC(C(=O)OC)CC1,405.15
434,O(C(CC1)C)C1,262.15
435,CCOCC,228.15
436,CC(C)OC(C)C,245.0
437,COC(C)(C)C,244.15
438,CCC(C)OC(C)CC,285.65
439,COCC,236.0
440,CCCCCCOCCCCCC,354.65
441,C=COC=C,226.15
442,CCOCCC,253.15
443,CC=Cc1ccc(OC)cc1,362.15
444,C1OCCOC1,284.15
445,C1OCOCO1,318.15
446,CC(C)(C)OC(C)(C)C,275.65
447,CCCCCCCCOCCCCCCCC,412.0
448,CCCCCOCCCCC,330.15
449,COC(C)CC,243.0
450,COC(C)(C)CC,262.15
451,CCOC(C)(C)C,253.15
452,COCOC,241.15
453,CCOC(C)OCC,286.15
454,CCOC(OCC)OCC,308.15
455,CCOO,305.65
456,CC1(C)CO1,241.15
457,CC1OC1,236.0
458,CCCCOC=C,272.0
459,COCCOCCOCCOC,383.15
460,COCCOC,271.48
461,COCCOCCOC,330.15
462,COCCOCCOCCOCCOC,414.15
463,CCOCCOCCOCC,344.15
464,CCCCOCCOCCOCCCC,391.15
465,c1ccccc1(OC),318.65
466,c1ccccc1(OCC),328.0
467,c1ccccc1(COCc1ccccc1),408.15
468,C=CCOCC1(OC1),321.15
469,c1ccccc1(Oc1ccccc1),388.15
470,COC(C)OC,256.15
471,C=COC,217.15
472,CCC1CO1,258.15
473,CC(C)(C)OO,299.82
474,c1ccccc1(C(C)(C)OOC(C)(C)c1ccccc1),344.15
475,C1OCC=C1,257.15
476,C1=COC=C1,237.0
477,C1COCC1,259.15
478,c1cccc2c3ccccc3Oc21,403.15
479,CC(C)(C)OOC(C)(C)C,277.15
480,c1cccc2oc(C)cc21,340.15
481,CC(OC)COC,273.15
482,O(CCO1)C1,268.15
483,c2ccc1occc1c2,329.15
484,ClC/C=C/CCl,326.15
485,ClCCCCCl,325.15
486,CC(Cl)Cl,263.15
487,ClCCCl,286.0
488,C(Cl)C(Cl)C,286.15
489,C(Cl)(C)C,238.15
490,C(Cl)C(Cl)C(Cl),347.0
491,C(Cl)C(Cl)CC,298.65
492,CC(Cl)C(Cl)C,291.15
493,C(Cl)=C(Cl)Cl,305.15
494,C1CCCCC1(Cl),305.0
495,c1ccccc1(CCl),333.15
496,c1(C)c(C)c(Cl)ccc1,346.0
497,c1(C)c(C)cc(Cl)cc1,340.15
498,c1ccccc1(Cl),301.15
499,c1(Cl)ccccc1(Cl),339.0
500,c1c(Cl)cccc1(Cl),336.15
501,c1cc(Cl)ccc1(Cl),339.0
502,c1(Cl)c(Cl)c(Cl)c(Cl)c(Cl)c1(Cl),515.0
503,c1(C)ccccc1(Cl),316.15
504,c1cc(C)ccc1(Cl),322.15
505,c1c(Cl)c(C)ccc1(Cl),352.15
506,Cl/C=C\Cl,277.0
507,Cl/C=C/Cl,267.15
508,C=C(Cl)C=C,253.15
509,CCCCCl,263.75
510,CCC(Cl)C,258.15
511,CCCCCCl,284.15
512,c12c(Cl)cccc1cccc2,394.15
513,C=C(Cl)Cl,248.15
514,c1(Cl)c(Cl)cc(Cl)cc1,378.15
515,ClC/C=C\CCl,328.15
516,CC(Cl)=C,239.15
517,C=CC(Cl)CCl,301.15
518,ClC/C=C(C)\Cl,300.15
519,c1ccccc1C(Cl)Cl,361.15
520,Fc1c(F)cccc1,274.15
521,c1(Br)cc(Br)ccc1,366.15
522,c1(Br)ccccc1,324.26
523,CC(I)C,293.15
524,CNC,223.15
525,CCN(CC)CC,262.15
526,CCCNCCC,280.65
527,CCCCN(C)C,270.15
528,CCN(C)CC,250.15
529,CCNCC,245.15
530,CCCCN,263.15
531,CCCCCN,280.15
532,CC(C)CN,260.15
533,NN,313.15
534,CC(C)CNCC(C)C,297.35
535,CC(C)N,236.15
536,C1=CC=CN1,312.0
537,CN(CCO)CCO,411.15
538,NCCO,358.15
539,OCCN(CCO)CCO,463.15
540,CCC(N)C,254.15
541,C1(N)CCCCC1,301.75
542,C1C[C@](C)(CN)([C@@]2([H])(CCC3=CC(C(C)C)=CC=C3C2(C)C1)),464.0
543,NCCCCCCN,354.15
544,c1(CN)ccccc1,338.15
545,c1(C)c(N)cccc1,358.15
546,c1(C)cc(N)ccc1,359.0
547,c1(C)ccc(N)cc1,360.0
548,NCCNCCNCCN,408.15
549,NCCN,307.15
550,C1CN1,262.04
551,CC(C)NC(C)C,266.15
552,CCCCNCCCC,315.0
553,C1CCCCN1,280.15
554,c1ccccc1Nc2ccc(N)cc2,466.5
555,c1(cccn2)c2cccc1,374.0
556,C1N2CN3CN1CN(C3)C2,523.15
557,CC(N)CN,306.15
558,c1ccccc1N(CC)CC,358.15
559,n1(C)cccc1,288.15
560,c1ccccc1Nc2ccccc2,426.0
561,c1(ccc(C)n2)c2cccc1,383.15
562,C[N+](=O)[O-],308.15
563,CC[N+](=O)[O-],303.15
564,CCC[N+](=O)[O-],308.15
565,CC([N+](=O)[O-])C,301.0
566,C1NCCOC1,308.15
567,C1CCCN1,276.0
568,C1CCCN1(C),259.0
569,CCCC[N+](=O)[O-],320.15
570,C#N,255.15
571,CC#N,275.15
572,CCC#N,280.15
573,C=CC#N,268.15
574,N#CCCC#N,405.0
575,c1(C)c([N+](=O)[O-])cccc1,379.0
576,c1(C)ccc([N+](=O)[O-])cc1,379.0
577,c1(C)cc([N+](=O)[O-])ccc1,375.0
578,CCCC#N,291.15
579,CCCCC#N,307.15
580,N#CCC#N,385.15
581,CCCCCC#N,316.15
582,CC(C)C#N,281.48
583,c1(C#N)ccccc1,344.15
584,n1ccccc1,293.15
585,c1(N)ccccc1,344.15
586,C1=CC(=C(C=C1N=C=O)N=C=O)C,400.15
587,C1CCCCCN1,301.15
588,c1(NC)ccccc1,351.0
589,c1(N(C)C)ccccc1,348.15
590,n1c(C)cccc1,299.15
591,C/C=C\C#N,288.65
592,CCCS,253.15
593,CC(C)(C)S,249.15
594,CC(C)CS,264.15
595,CCCCCCS,305.65
596,CCCCCCCCCS,351.15
597,CCCCCCCCS,341.15
598,CC(S)C,239.0
599,C1(S)CCCCC1,312.15
600,c1(CS)ccccc1,343.15
601,CSCC,258.15
602,CSC(C)(C)C,270.15
603,CCCSCCC,305.15
604,CCSCC,263.15
605,CSC,237.15
606,S1C=CC=C1,266.45
607,c1(SC=C2)c2cccc1,364.15
608,CCSSCC,313.15
609,CCCCCCCCCCS,371.15
610,CCCCCS,291.15
611,CSSC,288.15
612,CCCSSCCC,339.15
613,c1cccc(C=C(C)S2)c21,386.15
614,CC(S)(C)CC(C)(C)C,304.0
615,CCCCCCCS,323.65
616,C=CCSCC=C,298.65
617,CCCCS,274.15
618,c1(S)ccccc1,328.15
619,S1CCCC1,291.0
620,CS(=O)C,361.0
621,CCCS(=O)(=O)CCC,399.15
622,CCCCS(=O)(=O)CCCC,416.15
623,CC(=O)Cl,269.15
624,ClCC(=O)O,399.15
625,ClC(Cl)C(=O)Cl,339.0
626,c1(C(=O)Cl)ccccc1,345.0
627,c1(C(F)(F)F)ccc(Cl)cc1,316.0
628,c1(N)c(Cl)cccc1,363.71
629,ClCOC,265.15
630,ClCC(O)CCl,358.15
631,ClCCOCCCl,348.15
632,CSCCC=O,334.15
633,SCCC(=O)O,366.15
634,CN(C)C=O,330.15
635,NC(=O)N,395.0
636,N1CCCCCC1=O,412.65
637,ClCC1CO1,304.0
638,CC(C)(O)C#N,347.15
639,CCCCOB(OCCCC)OCCCC,366.0
640,P(c1ccccc1)(c2ccccc2)(c3ccccc3),453.15
641,P(=O)(N(C)C)(N(C)C)(N(C)C),378.705
642,c1([N+](=O)[O-])ccccc1,361.0
643,O1C=CC=C1(C=O),333.15
644,C=CC(=O)OCCOC(=O)C=C,373.15
645,CC(=O)OC(C)COC,316.0
646,COCC(C)OCC(C)OC(=O)C,359.0
647,O1C=CCCC1(OC),299.15
648,[S],480.0
649,S=C=S,243.15
650,C[Si](C)(C)N[Si](C)(C)C,284.15
651,C[Si](C)(C)O[Si](C)(C)C,271.15
652,O1[Si](C)(C)O[Si](C)(C)O[Si]1(C)(C),308.15
653,C[Si](C)(C)O[Si](C)(C)O[Si](C)(C)O[Si](C)(C)O[Si](C)(C)C,352.15
654,C=C[Si](C)(Cl)Cl,276.15
655,[Si](OCC)(OCC)(OCC)CCCS,360.93
656,[Si](OC)(OC)(OC)CCCS,347.0
657,[Si]1(C)(C)O[Si](C)(C)O[Si](C)(C)O[Si](C)(C)O1,330.15
658,CCC(=O)CCCCCC,339.15
659,C1(=O)C=CCCC1,329.15
660,CC(C)CCCCC(C)C,310.927
661,c1(O)c(C(C)(C)C)cc(C)cc1(C(C)(C)C),390.15
662,CC(C)CC(O)CC(C)C,339.15
663,C(c1ccccc1)(O)CC,363.15
664,C(O)C(c1ccccc1)C,381.15
665,C(O)CC(c1ccccc1),382.15
666,c1ccccc1[C@](C)([H])(O),358.15
667,C(c1c(C)cccc1)O,377.15
668,C(c1cc(C)ccc1)O,378.15
669,c1ccccc1C(C)(C)c2ccc(O)cc2,444.0
670,CC(O)CC(O)C,371.15
671,C/C=C(C)/CC,246.15
672,C=C(C)CCCCCC,296.65
673,C=C(C)CCCCC,283.15
674,CC(C)(C)C(=O)O,337.15
675,CCCCC(CC)C(=O)O,383.15
676,CCCCCCC(=O)O,388.15
677,CCC(C)(C)C(=O)O,352.15
678,O=C(O)CCCCCC(O)=O,423.15
679,C1(=O)OC(=O)C=C(C)1,374.15
680,CC(C)(C)OC=O,264.15
681,CCCCCCOC=O,320.0
682,C=C=CCCC,254.15
683,C1(OC=O)CCCCC1,324.15
684,CC(C)(C)OC(=O)C,276.95
685,CC(C)C(=O)OC,276.15
686,CC(C)C(=O)OCC,287.0
687,c1(COC=O)ccccc1,355.0
688,C=C(C)C(=O)OCC=C,306.15
689,C1(OC(=O)C)CCCCC1,331.15
690,C1C(C)OC(=O)O1,408.15
691,O=C(OCC(OC(=O)C)COC(=O)C)C,406.15
692,c1(C(=O)OCCCCCCC(C)C)c(C(=O)OCCCCCCC(C)C)cccc1,509.15
693,c1(C(=O)OCC)c(C(=O)OCC)cccc1,423.15
694,c1(C(=O)OC)c(C(=O)OC)cccc1,419.0
695,CCCCCCOC(=O)CCCCC(=O)OCCCCCC,464.0
696,CC(=O)OC(C)OC(=O)C,343.15
697,CCCCOC(=O)/C=C\C(=O)OCCCC,413.0
698,CC(C)COC(=O)C=C,304.26
699,CCOC(=O)/C=C\C(=O)OCC,366.15
700,COC(=O)/C=C\C(=O)OC,368.15
701,CC(C)(C)C(=O)OC=C,282.15
702,COC(=O)OC,289.85
703,c1(C(=O)OCCC)ccccc1,371.15
704,CC(C)COCC(C)C,287.65
705,C#CCCCCC,271.0
706,O1COCCC1,288.15
707,CCOCOCC,268.15
708,C1C=COC1,249.15
709,CCC(Cl)Cl,280.0
710,ClCCCCl,305.15
711,c1(Cl)c(Cl)c(Cl)ccc1,386.0
712,c1(Cl)cc(Cl)cc(Cl)c1,380.15
713,c1(C(F)(F)F)ccccc1,285.0
714,CC(Br)CC,279.15
715,c1(C)ccc(Br)cc1,343.15
716,ICCCCCC,334.15
717,ICCCC,304.15
718,CCCCCCN,300.15
719,CCCCCCCCN,333.0
720,CCCCCCCCCN,343.15
721,CCCCCCCCCCN,358.15
722,CC(=C)CNCC,280.15
723,C=CCN(CC=C)CC=C,312.15
724,CCCCN(CCCC)CCCC,353.15
725,NCCNCCN,367.15
726,NCCNCCNCCNCCN,436.0
727,CCCN(CCC)CCC,314.0
728,C=CCC#N,296.15
729,CCCCN=C=O,295.65
730,c1(N)c(CC)cccc1,358.15
731,N1C(C)C1,263.15
732,c1(N)cc(N)ccc1,411.15
733,C1(N)CCCC1,284.65
734,N(C1CCCCC1)(C2CCCCC2),372.65
735,C1(NC)CCCCC1,308.15
736,C=CCNCC=C,289.0
737,c1([N+](=O)[O-])cc([N+](=O)[O-])ccc1,423.15
738,c1([N+](=O)[O-])c([N+](=O)[O-])cccc1,423.15
739,c1c([N+](=O)[O-])c(C)c([N+](=O)[O-])cc1,433.15
740,c1(N)ccc(N)cc1,428.7
741,c1(N=C=O)ccccc1,324.15
742,N1=NC=CC=C1,358.15
743,N1=CN=CC=C1,304.15
744,N1N=CC=C1,355.65
745,c1(N)c(N(=O)=O)cccc1,441.15
746,c1(N)cc(N(=O)=O)ccc1,469.15
747,C1=CC2=C(C=C1)C=CN=C2,380.15
748,c1ccccc1c2ccc(N)cc2,426.15
749,c1(C#N)cnccc1,357.15
750,c1(N)c(CC)cccc1(CC),382.15
751,n1c(C)cc(C)cc1(C),327.15
752,n1c(C)cccc1(C),306.0
753,n1cc(C)ccc1,309.15
754,n1ccc(C)cc1,312.15
755,CSCCCC,291.15
756,S1CCC1,271.15
757,CCCCCCC(C)(C)S,338.15
758,C1C(=O)[C@@]2(C)(CCC1C2(C)(C)),338.7
759,CC(=O)CC(C)(O)C,334.0
760,O1C(CO)=CC=C1,348.15
761,CC(=O)N(C)C,336.15
762,c1(O)ccc(OC)cc1,398.0
763,OCCOC,312.15
764,CCOCCO,317.15
765,CCCCOCCO,334.15
766,COCCOCCO,360.15
767,CCOCCOCCO,363.15
768,NCCOCCO,397.0
769,ClCC(=O)OCC,327.15
770,CC=NO,313.15
771,OCCOCCOCCOC,391.48
772,SCC(=O)O,399.15
773,C=C(C)C(=O)OCCOC(=O)CC(=O)C,407.05
774,CC(OC)CO,314.15
775,c1(C(=O)C)c(O)cccc1,371.15
776,c1(C(=O)C)ccc(O)cc1,447.0
777,c1(C(=O)O)c(OC(=O)C)cccc1,523.15
778,c1(OCC)ccc(N)cc1,389.0
779,CC(C)C(=O)OCC(C)(C)C(O)C(C)C,379.15
780,CC(=O)CO,329.0
781,c1(O)c(Cl)cccc1,336.15
782,c1(O)cc(Cl)ccc1,370.15
783,c1(O)ccc(Cl)cc1,389.0
784,CC(O)COC(C)C,313.15
785,ClCCO,328.15
786,c1(C(=O)Cl)cc(C(=O)Cl)ccc1,453.15
787,[Cr](=O)(=O)(=O),444.15
788,C[Si](C)(C)O[Si](C)(C)O[Si](C)(C)C,308.15
789,C[Si](C)(C)O[Si](C)(C)O[Si](C)(C)O[Si](C)(C)O[Si](C)(C)O[Si](C)(C)O[Si](C)(C)O[Si](C)(C)C,417.15
790,CC[Si](CC)(CC)CC,305.15
791,C[Si](C)(C)O[Si](C)(C)O[Si](C)(C)O[Si](C)(C)O[Si](C)(C)O[Si](C)(C)O[Si](C)(C)C,406.15
792,CCCCCC(=O)CCCCC,361.48
793,CC(=O)C=C,266.15
794,c1(C)c(C(C)(C))ccc(O)c1,392.0
795,C1CCC(O)C1,324.15
796,CC(C)c1ccccc1O,361.15
797,C=CCCCCC(C)C,289.65
798,C1CC1(C(=O)O),360.15
799,CC(C)C(=O)OC(=O)C(C)C,340.15
800,CCCCC(CC)COC(=O)c1ccc(C(=O)OCC(CC)CCCC)cc1,511.15
801,CC(=O)OC(C=C)OC(=O)C,355.37
802,O=C(OCC)CCCCCCCCC,375.15
803,CCCCOC(=O)c1ccc(cc1)C(=O)OCCCC,463.15
804,COC(=O)CCCC(=O)OC,376.15
805,C1OC(=O)OC1(C=C),369.82
806,CCCCCCCCOC(=O)CCCCC(=O)OCCCCCCCC,500.15
807,CCCCC(CC)COC(=O)CCCCC(=O)OCC(CC)CCCC,469.15
808,c1(CC)cc(CC)cc(CC)c1,354.15
809,CC(F)(F)CC(F)(F)F,249.15
810,C1N(CCCN)CCN(CCCN)C1,436.15
811,c1(C)cc(C)c(N)cc1,363.15
812,NCCCN(C)C,308.15
813,c1(cccn2)c2c(C)ccc1,378.15
814,CCCCCCCCN(CCCCCCCC)CCCCCCCC,444.5
815,N(O)=C(CC)C,335.15
816,CN1CCCCC1,276.15
817,C1=NC=CN1,418.15
818,CCCCCNCCCCC,345.65
819,CCCCCN(CCCCC)CCCCC,370.15
820,c1(C(=O)O)cnccc1,448.0
821,c1(N(C)[N+](=O)[O-])c([N+](=O)[O-])cc([N+](=O)[O-])cc1([N+](=O)[O-]),408.0
822,CN(C)CCN(C)C,290.15
823,N(CCO)(CCO)CC,397.15
824,NCCCN,322.15
825,c1(NCC)ccccc1,358.15
826,CC(C)(C)SSC(C)(C)C,335.15
827,CC(C)(C)SC(C)(C)C,304.15
828,CC1CCCS1,300.65
829,CCCSSCC,325.65
830,CSc1ccccc1,345.15
831,CCCCSCCCC,333.15
832,CCSCCC,285.65
833,CC(C)SC(C)C,280.15
834,CCCCC(CC)COCCO,371.15
835,COC(C)COC(C)CO,347.15
836,CC(C)(C)OCC(O)C,318.15
837,CCCOCCOCCO,372.0
838,c1(N)ccc(Cl)cc1,386.0
839,CCCCOCCOCCOCCO,416.0
840,CCOCCOCCOCCO,408.15
841,C=CCOCC(O)C,327.55
842,OCC1CO1,344.15
843,CCCCCCOCCOCCO,408.15
844,CCCCCCCC/C=C\CCCCCCCC(=O)OCC(O)CO,427.0
845,CC(O)COCCC,321.15
846,CCCCOCCOCCOC(=O)C,389.15
847,c1(CC#N)ccccc1,374.15
848,CCN(O)CC,318.15
849,C(COC(CCCCCCC\C=C/CCCCCCCC)=O)(COC(CCCCCCC\C=C/CCCCCCCC)=O)OC(CCCCCCC\C=C/CCCCCCCC)=O,603.0
850,CCOS(=O)OCC,326.15
851,CC(O)COCC,313.15
852,CS(=O)(=O)Cl,383.15
853,CC(C)(C)OC(=O)C(=C)C,300.15
854,[Si](OCC)(OCC)(OCC)OCC,324.82
855,[Si](OCC)(OCC)(OCC)CCCN,369.26
856,[Si]1(C)(C)O[Si](C)(C)O[Si](C)(C)O[Si](C)(C)O[Si](C)(C)O[Si](C)(C)O[Si](C)(C)O[Si](C)(C)O1,405.0
857,C[Si](C)(C)O[Si](C)(C)O[Si](C)(C)O[Si](C)(C)O[Si](C)(C)O[Si](C)(C)O[Si](C)(C)O[Si](C)(C)O[Si](C)(C)(C),432.04
858,C[Si](C)(C)O[Si](C)(C)O[Si](C)(C)O[Si](C)(C)O[Si](C)(C)O[Si](C)(C)O[Si](C)(C)O[Si](C)(C)O[Si](C)(C)O[Si](C)(C)O[Si](C)(C)O[Si](C)(C)(C),471.0
859,C[SiH](Cl)Cl,241.15
860,C[Si](Cl)(Cl)Cl,276.15
861,C=C[Si](Cl)(Cl)Cl,283.15
862,CO[Si](OC)(OC)OC,294.15
863,CO[Si](OC)(OC)CCCOCC1CO1,408.15
864,C(Cl)CC[Si](Cl)(Cl)Cl,357.15
865,[Si](C)(OC(=O)C)(OC(=O)C)OC(=O)C,358.15
866,[Si](CC)(OC(=O)C)(OC(=O)C)OC(=O)C,377.15
867,P(OCC)(OCC)OCC,317.15
868,O1CC1COCCC[Si](OCC)(OCC)C,401.15
869,FC(CC[Si](Cl)(Cl)C)(F)F,307.85
870,[Ni](C#O)(C#O)(C#O)C#O,253.35
871,C[SiH](C)(Cl),245.15
872,C[Si](C)(Cl)C,245.0
873,C[Si](C)(Cl)Cl,264.15
874,[Si]1(C)(C)O[Si](C)(C)O[Si](C)(C)O[Si](C)(C)O[Si](C)(C)O1,350.15
875,[Si]1(C)(C)O[Si](C)(C)O[Si](C)(C)O[Si](C)(C)O[Si](C)(C)O[Si](C)(C)O1,366.15
876,CC[Si](Cl)(Cl)Cl,288.15
877,CC[Si](Cl)(Cl)CC,297.15
878,C[Hg]C,278.15
879,Cl[Si](Cl)(Cl)[Si](Cl)(Cl)Cl,353.15
880,OC(=O)COCC(=O)O,500.0
881,OC(=O)CCC(=O)C,410.0
882,c1(O)ccccc1(OC),355.0
883,CCCOCCO,322.15
884,CCCCOCCOCCO,378.15
885,c1(Cl)ccc(C(F)(F)F)cc1([N+]([O-])=O),374.15
886,c1(N=C=O)cc([Cl])c([Cl])cc1,386.0
887,c1(C(F)(F)F)cc(N(=O)=O)ccc1,361.0
888,c1(N(=O)=O)c(Cl)ccc(N(=O)=O)c1,467.0
889,c1(N(C)C)ccc(C(=O))cc1,420.15
890,ClC(=O)OCC,289.15
891,O=S(C)(O)=O,443.15
892,ClC(=O)OC,285.15
893,c1(N(=O)=O)cc(Cl)c(Cl)cc1,396.15
894,c1(N(=O)=O)c(Cl)cccc1,397.15
895,CCOP(=O)(OCC)OCC,372.0
896,COP(=O)(OC)OC,358.15
897,C1(=NO)CCCCC1,362.15
898,C=C[Si](OC)(OC)OC,296.15
899,CO[SiH](OC)OC,269.15
900,CO[Si](C)(C)OC,263.15
901,c1ccccc1([Si](Cl)(Cl)Cl),364.15
902,c1ccccc1([Si](Cl)(Cl)C),353.15
903,C[Si](C)(C)O[Si](C)(C)O[Si](C)(C)O[Si](C)(C)O[Si](C)(C)O[Si](C)(C)C,375.15
904,C[Si](C)(C)O[Si](C)(C)O[Si](C)(C)O[Si](C)(C)C,336.15
905,CC(=O)C(=O)O,355.15
906,P(=O)(Oc1c(C)cccc1)(Oc1c(C)cccc1)Oc1c(C)cccc1,498.15
907,c1ccccc1(OP(=O)(Oc2ccccc2)Oc3ccccc3),493.15
908,C[CH2-][Al+++]1([CH2-]C)[Cl-][Al+++]([CH2-]C)([Cl-])[Cl-]1,253.15
909,OC(C)CN,347.04
910,ClCC(=O)OC,324.82
911,c1ccccc1(NC(=O)CC(=O)C),423.15
912,O1C=NC=C1,292.0
913,c1ccccc1(NC(=O)C),434.15
914,CC(O)C#N,350.15
915,COS(=O)(=O)OC,365.65
916,CCOS(=O)(=O)OCC,377.15
917,OC(=O)[C@](O)([H])([C@@]([H])(C(=O)O)(O)),483.15
918,CC(O)C(=O)OCC,331.0
919,CC(=O)OCCOCC,327.15
920,CCOCCOCCOC(=O)C,369.15
921,CC(=O)CC(=O)OC,343.0
922,CC(=O)CC(=O)OCC,343.15
923,N#CCC(=O)OC,380.65
924,N#CCC(=O)OCC,383.15
925,COCCC#N,338.15
926,C1=CON=C1,285.0
927,CCS(=O)(=O)Cl,356.48
928,CC(C)(C)NC=O,355.15
929,CC(=O)NC,381.15
930,OCCSCCO,433.15
931,SCCOCCS,371.15
932,SCCO,340.15
933,OCCSCC,350.15
934,SCCS,318.15
935,CCN(CC)CCO,330.15
936,CNCCO,345.15
937,CN(C)CCO,312.15
938,COCC(N)C,281.15
939,CC(=O)OCCOCCCC,344.15
940,C=CC(=O)OCCO,378.0
941,CCOCCC(=O)OCC,331.15
942,ClCCOCOCCCl,383.15
943,CC(=O)OC(=C)C,283.0
944,CCCCCOCCO,348.15
945,CC(=O)COC,297.15
946,CCCCCOCCOCCO,383.0
947,CCCCOCC(O)C,332.15
948,CC(O)COC(C)COCCCC,373.55
949,CCCCC(CC)C(=O)OCCOCCOCCOC(=O)C(CC)CCCC,480.15
950,N1(CCN)CCOCC1,359.15
951,N1(CC)CCOCC1,304.15
952,SCCC(=O)OC,333.15
953,COCC(C)OC(=O)CC,327.15
954,CC(=O)CCC(=O)OCC,363.15
955,CC(C)C(=O)OC1C(COC(=O)C)OC(OC2(COC(=O)C(C)C)C(OC(=O)C(C)C)C(OC(=O)C(C)C)C(COC(=O)C)O2)C(OC(=O)C(C)C)C1OC(=O)C(C)C,500.15
956,[Fe](C#O)(C#O)(C#O)(C#O)C#O,258.15
957,CCN1C=C[N+](C)=C1.S(=O)(=O)([O-])OCC,430.15
958,O=P(OCCCC)(OCCCC)OCCCC,418.15
959,OCC(N)(C)C,340.15
960,c1c(N)c(OC)ccc1,373.15
961,OC1=CC=C(/C=C/C)C=C1OC,395.93
962,Oc1ccc(C)cc1OC,372.15
963,O=C(c1ccccc1)OCCOCCOC(=O)c1ccccc1,505.15
